community,geohash
ALBANY PARK,dp3w
ARCHER HEIGHTS,dp3t
ARMOUR SQUARE,dp3
ASHBURN,dp3t
AUBURN GRESHAM,dp3t
AUSTIN,dp3w
AVALON PARK,dp3t
AVONDALE,dp3w
BELMONT CRAGIN,dp3w
BEVERLY,dp3t
BRIDGEPORT,dp3
BRIGHTON PARK,dp3tu
BURNSIDE,dp3tq
CALUMET HEIGHTS,dp3t
CHATHAM,dp3t
CHICAGO LAWN,dp3ts
CLEARING,dp3t
DOUGLAS,dp3
DUNNING,dp3w
EAST GARFIELD PARK,dp3w
EAST SIDE,dp3
EDGEWATER,dp3w
EDISON PARK,dp3
ENGLEWOOD,dp3t
FOREST GLEN,dp3
FULLER PARK,dp3tv
GAGE PARK,dp3t
GARFIELD RIDGE,dp3t
GRAND BOULEVARD,dp3t
GREATER GRAND CROSSING,dp3t
HEGEWISCH,dp3
HERMOSA,dp3w
HUMBOLDT PARK,dp3w
HYDE PARK,dp3t
IRVING PARK,dp3w
JEFFERSON PARK,dp3w
KENWOOD,dp3t
LAKE VIEW,dp3w
LINCOLN PARK,dp3w
LINCOLN SQUARE,dp3w
LOGAN SQUARE,dp3w
LOOP,dp3w
LOWER WEST SIDE,dp3
MCKINLEY PARK,dp3
MONTCLARE,dp3w
MORGAN PARK,dp3t
MOUNT GREENWOOD,dp3t
NEAR NORTH SIDE,dp3w
NEAR SOUTH SIDE,dp3w
NEAR WEST SIDE,dp3w
NEW CITY,dp3t
NORTH CENTER,dp3ws
NORTH LAWNDALE,dp3w
NORTH PARK,dp3w
NORWOOD PARK,dp3w
OAKLAND,dp3ty
OHARE,dp3
PORTAGE PARK,dp3w
PULLMAN,dp3t
RIVERDALE,dp3
ROGERS PARK,dp3
ROSELAND,dp3t
SOUTH CHICAGO,dp3
SOUTH DEERING,dp3
SOUTH LAWNDALE,dp3
SOUTH SHORE,dp3t
UPTOWN,dp3w
WASHINGTON HEIGHTS,dp3t
WASHINGTON PARK,dp3t
WEST ELSDON,dp3t
WEST ENGLEWOOD,dp3t
WEST GARFIELD PARK,dp3w
WEST LAWN,dp3t
WEST PULLMAN,dp3
WEST RIDGE,dp3
WEST TOWN,dp3w
WOODLAWN,dp3t
